,sobject_id,tmass_id,gaiadr3_source_id,survey_name,field_id,setup,mjd,ra,dec,flag_sp,flag_sp_fit,opt_loop,flag_red,snr_px_ccd1,snr_px_ccd2,snr_px_ccd3,snr_px_ccd4,chi2_sp,px_used_perc,model_name,closest_model,comp_time,fit_global_rv,rv_comp_1,e_rv_comp_1,rv_comp_2,e_rv_comp_2,rv_gaia_dr3,e_rv_gaia_dr3,v_bary_eff,teff,e_teff,logg,e_logg,fe_h,e_fe_h,flag_fe_h,vmic,e_vmic,vsini,e_vsini,nn_li_fe,nn_e_li_fe,nn_flag_li_fe,c_fe,e_c_fe,flag_c_fe,n_fe,e_n_fe,flag_n_fe,o_fe,e_o_fe,flag_o_fe,na_fe,e_na_fe,flag_na_fe,mg_fe,e_mg_fe,flag_mg_fe,al_fe,e_al_fe,flag_al_fe,si_fe,e_si_fe,flag_si_fe,k_fe,e_k_fe,flag_k_fe,ca_fe,e_ca_fe,flag_ca_fe,sc_fe,e_sc_fe,flag_sc_fe,ti_fe,e_ti_fe,flag_ti_fe,v_fe,e_v_fe,flag_v_fe,cr_fe,e_cr_fe,flag_cr_fe,mn_fe,e_mn_fe,flag_mn_fe,co_fe,e_co_fe,flag_co_fe,ni_fe,e_ni_fe,flag_ni_fe,cu_fe,e_cu_fe,flag_cu_fe,zn_fe,e_zn_fe,flag_zn_fe,rb_fe,e_rb_fe,flag_rb_fe,sr_fe,e_sr_fe,flag_sr_fe,y_fe,e_y_fe,flag_y_fe,zr_fe,e_zr_fe,flag_zr_fe,mo_fe,e_mo_fe,flag_mo_fe,ru_fe,e_ru_fe,flag_ru_fe,ba_fe,e_ba_fe,flag_ba_fe,la_fe,e_la_fe,flag_la_fe,ce_fe,e_ce_fe,flag_ce_fe,nd_fe,e_nd_fe,flag_nd_fe,sm_fe,e_sm_fe,flag_sm_fe,eu_fe,e_eu_fe,flag_eu_fe,mass,age,bc_ks,a_ks,lbol,r_med,r_lo,r_hi,sb2_rv_16,sb2_rv_50,sb2_rv_84,ew_h_beta,ew_h_alpha,res_h_beta,res_h_alpha,ew_k_is,sigma_k_is,rv_k_is,ew_dib5780,sigma_dib5780,rv_dib5780,ew_dib5797,sigma_dib5797,rv_dib5797,ew_dib6613,sigma_dib6613,rv_dib6613,ebv,phot_g_mean_mag,bp_rp,j_m,j_msigcom,h_m,h_msigcom,ks_m,ks_msigcom,W2mag,e_W2mag,ruwe,parallax,parallax_error,ew_li,e_ew_li_low,e_ew_li_upp,a_li,a_li_upp_lim,e_a_li_low,e_a_li_upp,e_a_li_teff,flag_a_li,cluster,prob,pmra,pmde,plx,Gmag,BPmag,RPmag,closest_eep,phot_distance,eep,iso_age,iso_radius,iso_teff,iso_logg,iso_feh,iso_mass
0,190224002101222,b'05390587+0919451',3336346882048786688,b'orion',-8,b'allstar',58538.46,84.77445983886719,9.329177856445312,104,0,2,0,61.552456,93.775856,144.22565,119.145294,1.29494,94,b'5250_4.00_-0.50',b'5500_4.00_-0.50',141.19888,True,25.700726,0.26400205,62.700726,35.997753,28.84387,5.2104487,-27.557971954345703,5429.0195,70.496216,4.09949,0.11045269,-0.32114398,0.06555266,0,0.28389537,0.2879469,26.215242,1.4263496,1.551656,0.061259974,0,0.26144984,0.042580545,32,-0.46687865,0.22128189,33,0.4903856,0.07820589,0,-0.3872671,0.03615579,0,0.47889397,0.016934156,0,-0.10446543,0.050867483,0,0.073745996,0.028181996,0,-0.0002881512,0.03552428,0,-0.026423853,0.033236034,0,0.23486526,0.035806675,0,0.16028099,0.024393575,0,-0.17946346,0.058410898,0,0.09712765,0.024641827,0,-0.23903859,0.026762962,0,0.13299307,0.053634025,0,-0.033297356,0.01862256,0,-0.0885728,0.029957438,0,-0.023667216,0.05208828,0,,,2,,,2,-0.042879052,0.06035314,0,0.9833464,0.23625849,0,,,2,,,2,0.32546997,0.045659218,0,-0.26435632,0.2271264,1,-0.0772646,0.3496997,0,-0.2308181,0.17929502,1,,,2,,,2,1.3175812,2.4455163,1.6564934,0.0862923,2.2483683,389.20108,386.18558,392.4551,54.060726,62.700726,70.040726,-0.06004807,-0.21609697,0.59052986,0.5774045,0.037894707,0.20355058,34.497665,0.034510843,0.3420663,-12.755394,0.019696075,0.20271344,29.888306,0.0072498005,0.2169653,12.355612,0.3884,11.923133,0.94013023,10.723,0.023,10.364,0.025,10.251,0.021,10.19,0.02,1.1819162,2.572076566539008,0.021205353,-23.64463,8.723399,8.80523,,1.403963,,,,1,b'Collinder_69',0.8750915936472089,1.44909412,-2.09609862,2.53669057,11.923133,12.305242,11.365111,208.4431371478105,54.67701989944853,164.66068884908418,3401566.4723688434,2.257678696382181,5279.703661175463,3.989283654771329,0.04267659066005906,1.8132107573863496
1,190205001601103,b'05340555+0942466',3337958663016889600,b'orion',-8,b'allstar',58519.496,83.52312469482422,9.712933540344238,0,0,2,16384,41.635387,70.177986,662.02057,96.423355,1.5218796,94,b'4750_4.00_0.00',b'4750_4.00_0.00',1015.08185,True,25.551756,0.22535582,,,26.274942,2.7662878,-23.32746696472168,4668.9644,66.317474,3.8920102,0.123375714,-0.04645145,0.052820425,0,1.526994,0.28031668,15.060618,1.4038695,1.2724011,0.014392809,0,0.08432415,0.033899136,0,-0.43454355,0.07503723,0,0.6471912,0.024875738,0,0.00048564374,0.014817709,0,0.2137954,0.0054795747,0,-0.021909267,0.0074985456,0,0.19402538,0.007530644,0,0.41588405,0.01965511,0,-0.06784151,0.0056918575,0,-0.11808335,0.009892295,0,-0.10393645,0.0058401357,0,-0.011241227,0.009823129,0,-0.13311137,0.008178931,0,0.26739097,0.009287347,0,-0.11455937,0.010417705,0,0.09838252,0.0034618166,0,0.00868842,0.027182706,0,0.7154047,0.043257076,0,0.43121657,0.0752224,0,0.39556035,0.044286538,0,-0.09468967,0.016158227,0,0.13651545,0.070783325,0,,,2,-0.30175582,0.15278505,0,0.3395991,0.009761582,0,0.7079614,0.059537005,0,0.42913446,0.113766395,0,-0.5131685,0.05168115,0,-0.0011293032,0.06160966,0,0.26409408,0.040925104,0,1.1507134,0.0018901556,2.1235898,0.12301207,1.7319446,392.99094,390.95056,395.07233,,-124.44824,,-0.015983585,-0.3635353,0.6084334,0.2501235,,,,0.010794455,0.14858069,37.57229,0.014302347,0.13582626,7.5713615,0.014874063,0.1611475,14.074279,0.8166,12.392747,1.2652397,10.801,0.023,10.262,0.024,10.125,0.021,10.048,0.021,0.9845594,2.54483899852139,0.012345521,308.4519,0.35200182,0.5047178,2.4957619,,0.0022509254,0.003223011,0.087712035,0,b'Collinder_69',0.9484328246417859,0.91857061,-2.08868708,2.528547,12.392747,12.950322,11.685082,211.87107156467107,60.448285448159965,156.0,3440132.836789932,1.6697231781699122,4519.870613627967,4.051005733959365,0.04267798551210663,1.1432424170057953
2,190205001601126,b'05330810+0937105',3337962240726177280,b'orion',-8,b'allstar',58519.496,83.2837905883789,9.619625091552734,0,0,2,0,43.545925,74.53114,104.02942,96.84189,1.2095693,94,b'4500_4.00_-0.25',b'4750_4.00_0.00',344.0863,True,26.718401,0.27961707,,,23.179317,4.870253,-23.398462295532227,4684.3984,67.68268,4.0872564,0.097358465,-0.008657701,0.058263123,0,1.1890014,0.28283083,19.794819,1.4226028,1.4712448,0.06257378,0,0.22817954,0.036470756,32,0.21586393,0.038186546,32,0.13312769,0.0402947,0,-0.019298837,0.015537488,0,0.0974622,0.015514768,0,0.043422848,0.028377833,0,-0.022462483,0.01837426,0,0.4492771,0.021009276,0,0.036682256,0.021382533,0,-0.1823386,0.020909976,0,0.0936486,0.015515569,0,0.1864788,0.022724139,0,-0.080577135,0.018602885,0,-0.09555716,0.019867426,0,-0.11165425,0.027908593,0,-0.122042045,0.014459894,0,0.00013637543,0.02585958,0,-0.04409454,0.04568786,0,-0.12904666,0.13782904,0,-0.02785104,0.16465081,0,0.30640575,0.038218297,0,-0.14923652,0.08816128,0,,,2,0.12553614,0.2456052,0,0.22334251,0.027603894,0,-0.11104791,0.10997408,0,-0.16687694,0.1751487,1,0.39375892,0.06914541,0,0.91400963,0.115519054,0,0.66398656,0.17913991,0,1.1422049,0.0036212853,2.1146111,0.08078375,1.1112142,387.49347,384.88278,389.62506,,,,-0.05650426,-0.35787705,0.62591624,0.42936376,0.0149314,0.13202503,-175.36961,0.050791956,0.56328726,-22.245832,0.035310518,0.53418183,-7.789339,0.08814198,1.8120334,31.94422,0.6196,13.014252,1.3746967,11.258,0.025,10.688,0.023,10.543,0.022,10.52,0.022,0.9469202,2.582271343658928,0.016089376,293.246,3.265562,3.3644545,2.4204032,,0.0155406725,0.017110124,0.08898094,0,b'Collinder_69',0.7340673272305508,0.79851431,-2.10856287,2.54888734,13.014252,13.634336,12.259639,231.01074696906943,78.33576087333832,156.0,3367390.151483941,1.6881459530957121,4535.21632340671,4.0460939948246,0.042677992599859965,1.1554596146684086
3,190205001601071,b'05350833+0942537',3337979003982003200,b'orion',-8,b'allstar',58519.496,83.78475189208984,9.714919090270996,36,0,2,0,56.49047,91.37177,122.76565,121.19933,1.102149,94,b'4750_4.00_-0.25',b'5000_4.00_-0.25',133.50757,False,28.287762,0.42944288,,,28.442354,4.172513,-23.241178512573242,4904.9067,68.909164,4.0203247,0.11738152,-0.12113375,0.057111416,0,1.0838319,0.28350192,26.691872,1.4517916,1.4709766,0.039437316,0,0.18744817,0.05557785,32,-0.62784517,0.16478892,33,0.7966361,0.051678106,0,-0.09177011,0.02038283,0,-0.0071310923,0.01813486,0,-0.0878801,0.027181393,0,0.029710494,0.021510907,0,0.43862873,0.016703418,0,-0.03256973,0.023746157,0,-0.07492355,0.020427674,0,0.025602218,0.018219542,0,-0.04025407,0.025212947,0,-0.065155044,0.017779743,0,0.06792844,0.018902037,0,0.12971212,0.020203898,0,0.028931804,0.010233171,0,-0.16316077,0.02513472,0,0.031412587,0.043011915,0,0.97966874,0.17646466,0,-0.11453817,0.19035068,1,0.022668242,0.042238228,0,-0.32404798,0.09143455,0,,,2,-0.061853267,0.28463122,1,0.35377362,0.038797405,0,0.33994567,0.113979235,0,-0.33359143,0.198049,1,0.013501681,0.09194825,0,-0.6121658,0.13130803,1,,,2,1.3400246,0.02879108,1.9722862,0.17992765,1.8281251,397.809,395.77423,400.15457,,,,-0.104470976,-0.4679699,0.58146745,0.3108295,,,,0.04012957,0.7635672,8.697023,0.024142226,0.3751623,14.684554,0.020866996,0.24735948,18.632292,0.8405,12.526786,1.2162781,10.953,0.026,10.433,0.022,10.301,0.024,10.157,0.022,1.0195011,2.51696077482998,0.013727374,79.76404,5.64961,4.950406,1.5886511,,0.040627874,0.033343874,0.083871745,0,b'Collinder_69',0.7771064275343125,1.67493495,-2.01065104,2.49814678,12.526786,13.054034,11.837756,166.00964893661626,42.94680407626652,162.0,3412284.0155619127,1.8106231864560707,4755.04826940119,4.051621697215598,0.04267759252371113,1.3462142234654486
4,190205001601042,b'05350606+1000197',3338005362197689472,b'orion',-8,b'allstar',58519.496,83.77525329589844,10.005502700805664,8,0,2,0,72.647316,106.73509,136.83762,130.81134,1.1589482,94,b'5000_4.00_0.00',b'5000_4.00_0.00',443.11517,True,30.765377,0.18608642,-83.98462,65.51206,25.856052,1.1017044,-23.268016815185547,5117.9365,68.15182,4.1580443,0.09335474,-0.028061755,0.055682994,0,1.0236384,0.28239977,5.501946,1.442509,2.1514964,0.029464306,0,0.035855304,0.053612232,32,-0.22264141,0.08443804,32,0.036731664,0.053552385,0,-0.11071601,0.0164983,0,-0.039910432,0.016934762,0,-0.05451645,0.024240635,0,-0.032176103,0.012843835,0,0.1922974,0.024549417,0,-0.10694551,0.019338226,0,-0.098054476,0.015557156,0,-0.03276284,0.0127736945,0,0.048574455,0.01662914,0,-0.0103675295,0.009748835,0,-0.052848287,0.016313635,0,0.005744688,0.02000995,0,-0.06360415,0.009011727,0,-0.18169361,0.022702033,0,0.058860566,0.034895506,0,-0.38673618,0.21765158,0,0.3114821,0.15143311,0,-0.027598169,0.030366212,0,-0.030317344,0.078390144,0,,,2,,,2,-0.016843542,0.03459864,0,0.030685335,0.076344974,0,0.07475898,0.13968548,0,0.14905798,0.0700029,0,-0.22743489,0.099946044,0,,,2,1.3817847,0.16525522,1.8455082,0.08904589,1.6273104,393.03183,385.93137,400.0778,-98.95462,-83.98462,-69.53462,0.09783767,0.20690677,0.81614834,1.0601419,0.020038087,0.10377207,-7.5092096,0.03539489,0.44943544,13.645422,0.01626262,0.20979613,13.333515,0.021299632,0.16685644,18.24105,0.8122,12.490663,1.1413536,11.007,0.026,10.528,0.024,10.437,0.021,10.351,0.02,2.672347,2.5439348903772245,0.04456609,266.68973,0.9749642,0.93807805,2.829197,,0.0046316404,0.0044079064,0.08151716,0,b'Collinder_69',0.550302463027946,2.00371582,-1.72419986,2.52412489,12.490663,12.980906,11.839553,166.00964893661626,43.4139524466295,162.0,3426774.868232895,1.9592694420373458,4969.193836732165,4.041048707226217,0.04267725697570672,1.538470817146058
5,190205001601165,b'05320664+0953582',3338166986111279232,b'orion',-8,b'allstar',58519.496,83.0277099609375,9.899466514587402,36,0,2,0,58.424034,90.57272,124.38563,110.68251,1.1684744,94,b'5250_4.00_0.00',b'5250_4.00_-0.25',116.424995,False,27.458435,1.1526006,,,26.35932,2.9777656,-23.505064010620117,5288.976,69.20274,4.1266346,0.10055158,-0.12273108,0.058779065,0,0.78871286,0.28627613,26.686092,1.4226422,1.5778954,0.045653615,0,-0.16349012,0.060701434,32,0.007766813,0.09219641,33,0.15531239,0.067523725,0,-0.26293206,0.024852542,0,-0.017009482,0.025010234,0,-0.05750996,0.031259336,0,-0.14448099,0.017971542,0,0.056041934,0.034665026,0,-0.05258681,0.029823657,0,0.0040199333,0.027026216,0,0.06904219,0.023419362,0,-0.014556885,0.030419221,0,0.10943545,0.018629503,0,-0.078068145,0.026151216,0,0.043925434,0.033516277,0,-0.050099675,0.01548297,0,-0.18440595,0.02754996,0,-0.22149274,0.04895239,0,0.18291026,0.29326233,1,,,2,-0.056346137,0.04627543,0,-0.13227373,0.13688296,0,,,2,,,2,0.36064285,0.03913855,0,0.71726716,0.15140775,0,0.58223975,0.22640859,0,0.22459194,0.08455963,0,0.010158939,0.1564847,0,,,2,1.3505137,2.0739353,1.742312,0.08078422,1.9500493,399.51068,397.557,401.6304,,57.458435,,-0.038006384,-0.17735928,0.7078216,0.73925924,0.033469472,0.1729582,29.455189,0.09975959,1.5399349,50.49779,0.011214058,0.21222602,22.606852,0.025238631,0.37749955,17.019896,0.4876,12.2964,1.0686693,10.891,0.022,10.477,0.023,10.371,0.022,10.309,0.02,0.99939114,2.50265134697562,0.013267569,-33.916306,7.4490814,7.58293,,1.2098688,,,,1,b'Collinder_69',0.7456184525024253,1.60890716,-2.1039382,2.48300435,12.2964,12.747058,11.678389,166.00964893661626,41.05923241032221,163.56482114706682,3418289.535205233,2.107519965882218,5140.184206243482,4.0188399425898815,0.04267658345239077,1.6912936649727193
6,190205001601018,b'05355433+1004233',3339494959935297792,b'orion',-8,b'allstar',58519.496,83.97637176513672,10.073124885559082,116,0,2,0,47.82174,81.057045,108.260376,114.46339,1.6389514,94,b'4750_4.00_-1.00',b'4750_4.00_-1.50',190.98283,False,26.59365,29.4243,,,44.14438,29.982029,-23.20676040649414,4684.5293,71.46323,3.842836,0.10454385,-1.189144,0.077059776,0,0.257061,0.3000757,32.08826,1.6662666,1.3569279,0.084131084,0,0.13094257,0.10325998,0,-0.99305993,0.23993948,1,0.28701633,0.1763725,0,-0.33994538,0.03874817,0,0.6473832,0.019648518,0,0.10503903,0.08490374,0,0.5293643,0.027783427,0,-0.53170365,0.03234638,0,0.21320388,0.037768822,0,-0.29636103,0.06405593,1,0.14422934,0.03880065,0,-0.161783,0.055390935,0,0.42323047,0.020493297,0,-0.22605646,0.033297505,0,-0.288927,0.07542661,0,-0.3482608,0.028316014,0,0.3069377,0.03238661,0,0.22469762,0.06282893,0,,,2,,,2,0.23201174,0.06409326,0,0.824706,0.22153267,0,,,2,,,2,0.4422191,0.051354907,0,-0.0044770576,0.3076639,1,0.94301075,0.13968138,0,0.6172959,0.171536,0,,,2,,,2,0.96618986,0.0017750227,2.0880668,0.10832424,1.6503848,399.70633,397.73767,401.8528,,-63.40635,,-0.18263632,-0.12978253,0.33857837,0.48706084,0.14144598,0.8832043,-72.60146,0.43926126,2.8602772,119.26577,0.037384324,0.40162814,0.8546276,,,,0.6919,12.655761,1.3217163,10.936,0.023,10.378,0.022,10.235,0.021,10.18,0.021,1.0261419,2.5004008094585704,0.013779058,-7.4005895,10.470032,8.20214,,0.60796875,,,,1,b'Collinder_69',1.0,0.91373827,-1.92315516,2.48176281,12.655761,13.245433,11.923717,229.06780198962068,71.42865962329297,156.0,3369666.3714367347,1.6875694788056093,4534.736134771369,4.046247689984113,0.042677992378074285,1.1550773215351557
7,190205001601399,b'05344248+1011540',3339512925782465664,b'orion',-8,b'allstar',58519.496,83.677001953125,10.198322296142578,29,0,2,64,31.627066,51.424305,580.9569,79.9462,2.3431416,94,b'4500_4.00_-0.50',b'4750_4.00_-0.50',412.65747,False,26.016811,1.2269342,-76.233185,9.641167,28.299448,5.779541,-23.315872192382812,4714.941,66.47695,3.8867452,0.102083616,-0.35478252,0.053508718,0,0.52447796,0.28101975,24.550072,1.4036287,1.007958,0.023179494,0,-0.41777053,0.029874714,0,-0.97024214,0.05604722,0,-0.689503,0.020497842,0,0.5562609,0.014379646,0,0.70338297,0.0059439605,0,-0.3736104,0.014980545,0,0.38118324,0.015902273,0,0.20388058,0.023860203,0,-0.12038706,0.010475124,0,0.06303887,0.014355958,0,0.21451586,0.009105423,0,0.07659579,0.01693453,0,-0.08061493,0.008622948,0,0.029636003,0.014645817,0,0.3032524,0.00883804,0,-0.41580746,0.008256228,0,-0.081888765,0.02615325,0,0.7333436,0.044623677,0,-0.9296642,0.08524423,1,-0.84083813,0.06601719,1,-0.18648478,0.025011156,0,-0.6401938,0.08751305,0,,,2,0.47578043,0.10070638,0,0.21663585,0.013684356,0,-0.8150106,0.09625603,1,1.4509941,0.039640434,0,0.31531453,0.085392065,0,0.041793764,0.09966396,0,,,2,1.0916188,0.0018526459,2.087393,0.11107833,1.7295202,398.6812,379.40054,417.49185,-90.68318,-76.233185,-71.40318,-0.36625627,-0.9341257,0.8799084,-0.4459023,0.15385628,0.18155713,0.39846444,0.11377825,0.26146144,40.11224,0.07439559,0.34627202,69.92711,0.03717811,0.15396999,58.551086,0.9827,13.045196,1.600008,10.973,0.024,10.324,0.024,10.182,0.021,10.123,0.019,8.604902,2.6579096603967662,0.13479123,-253.07158,1.8137892,1.8619257,,-0.11099038,,,,1,b'Collinder_69',0.93342515868093,0.72838958,-1.98100374,2.62154866,13.045196,13.77828,12.178272,138.68817405260347,24.50008155012125,156.99999999999997,3401196.2913827207,1.699224182148269,4564.945712289025,4.0497183830916885,0.04267786309583062,1.180519214296239
8,190205001601083,b'05343970+0941460',3337978321083667200,b'orion',-8,b'allstar',58519.496,83.66545867919922,9.69610595703125,2049,0,2,64,2.723568,19.079994,127.967766,38.788258,0.9314506,94,b'3700_4.00_-0.75',b'3700_4.00_-0.75',143.29826,True,28.62045,0.21401645,,,7.2932224,7.631783,-23.279102325439453,3666.4702,67.02353,3.9136999,0.1116268,-0.5786592,0.05533788,0,1.2088007,0.2828532,12.63997,1.4073935,1.6798964,0.09672017,0,0.13556674,0.060587183,0,-0.65066653,0.15105247,0,0.20141368,0.030995155,0,-0.21894161,0.025971903,0,0.023511387,0.01166739,0,0.20888135,0.033372987,0,0.5284617,0.030111771,0,-0.12315906,0.02266324,0,0.12238166,0.01303213,0,-0.23144051,0.028547755,0,0.22713403,0.017892541,0,0.3775015,0.025943132,0,0.10929603,0.014524731,0,0.07374167,0.058248132,0,-0.1100561,0.04793743,0,0.12568042,0.01562903,0,-0.32419556,0.05994319,0,0.47484356,0.09043358,0,-0.20899841,0.11902373,0,-0.38924173,0.17631178,0,-0.14989066,0.062151186,0,0.32108557,0.08989256,0,,,2,-0.015176325,0.16693902,0,-0.26362374,0.024048712,0,-0.067416236,0.22416666,0,0.6598049,0.2524092,0,0.099241175,0.18899052,0,0.55885327,0.21523309,0,,,2,0.4957943,0.0029573422,2.6144402,0.22215597,0.2699536,403.36792,397.5055,409.006,,-221.37955,,-0.39128187,-1.0075693,0.22003688,0.75473094,0.07733244,0.29272342,-11.656349,,,,1.2522786e-15,0.15036102,-17.850956,,,,0.7901,15.067843,2.0181408,12.656,0.023,11.974,0.023,11.808,0.027,11.652,0.023,1.0687108,2.4806488234673134,0.03222149,359.58218,1.8293852,1.506251,1.4419199,,0.0105030425,0.009284001,,2,b'Collinder_69',0.9152467350842658,1.57442491,-2.07757866,2.43461582,15.067843,16.084316,14.066175,110.90308503286704,32.61284048680245,123.59826523843336,3378347.9458512776,1.1259893785392174,3516.567765511414,3.9102794514040315,0.04267836283822558,0.3759822188512897
9,190205001601068,b'05350693+0948574',3337986739219528192,b'orion',-8,b'allstar',58519.496,83.77891540527344,9.815947532653809,10253,1,3,16448,6.190196,31.272394,220.02715,54.49506,1.479054,94,b'3600_4.00_-0.50',b'3600_3.50_-0.50',159.8359,False,26.35022,0.92806053,269.35022,5.592008,47.056,9.46757,-23.25141716003418,3584.9004,66.2426,3.7334368,0.108244866,-0.3782805,0.05217394,0,0.5331811,0.28031254,21.337946,1.408493,1.4372636,0.03311135,0,-0.06236977,0.03403164,0,-0.59093493,0.06751872,0,0.14766906,0.015603366,0,-0.16871923,0.015273287,0,0.20550963,0.0077137114,0,-0.15228164,0.02113097,0,0.35310355,0.01988653,0,-0.088482544,0.014982711,0,0.0218897,0.011101604,0,0.022822749,0.01794543,0,0.08874932,0.008968635,0,0.02283866,0.01581498,0,-0.10053817,0.012712797,0,-0.06616281,0.028537393,0,0.119202346,0.021250485,0,0.2917436,0.0109270215,0,-0.30135918,0.031702045,0,0.02381346,0.037645772,0,-0.056848906,0.049216036,0,-0.0996232,0.072969586,0,-0.18611595,0.025049647,0,0.03994448,0.046160284,0,-0.05314,0.08373957,0,0.011263459,0.081809975,0,0.05721595,0.011421893,0,-0.21270266,0.09724084,0,-0.26584497,0.058977894,0,-0.079866916,0.08689287,0,-0.11146122,0.08230085,0,,,2,0.46792817,0.0019018274,2.696328,0.2910064,0.35265124,366.38434,358.4908,376.85056,259.4702,269.35022,270.6502,-0.5406032,-1.1978738,0.19461298,1.7903512,0.055053826,0.15433404,-4.877183,0.015944207,0.11047917,35.12163,0.022341015,0.1165248,53.435028,0.06790831,0.25372705,61.782562,0.803,14.652182,1.9988585,12.258,0.027,11.56,0.026,11.296,0.021,11.163,0.021,2.8231473,2.7336452846391874,0.07601382,42.9635,,0.0067809266,-0.36501917,,,7.918148e-05,,6,b'Collinder_69',0.6372904474966661,1.09949189,-2.18799883,2.68787429,14.652182,15.641003,13.642144,154.6065596946219,48.701273857594856,120.5315192285621,3400230.079686578,1.06559721160087,3436.6744972041924,3.898499754219234,0.04267836284295425,0.32765723058225793
10,140809001601238,b'16235763-2744592',6045068475146180096,b'k2_hermes',6552,b'allstar',56878.38,245.99017333984375,-27.74977684020996,33,0,2,0,59.551186,90.5377,128.07166,115.13993,1.0017822,94,b'4750_4.50_-0.25',b'4750_4.50_-0.25',198.11415,True,-1.8839877,0.33821082,,,-8.760831,3.7022455,-27.118268966674805,4799.07,67.674385,4.2771573,0.1019313,-0.073633306,0.05773943,0,1.835679,0.28326926,26.69571,1.4371262,1.5330467,0.041837223,0,-0.4763363,0.05649632,32,-1.0541123,0.11955639,33,-0.52816594,0.072189376,0,-0.13466924,0.014983308,0,0.019627847,0.012345976,0,-0.11886922,0.025278613,0,0.25709492,0.020728648,0,0.37332746,0.019289158,0,0.17398685,0.014559053,0,-0.093302116,0.02013861,0,0.020912837,0.016583571,0,0.07517642,0.019878313,0,-0.0036730897,0.01182371,0,0.001509197,0.015292701,0,0.023608036,0.023088763,0,-0.028307669,0.010726121,0,-0.019422531,0.02014701,0,0.115677446,0.03208599,0,-0.31527555,0.1439031,1,-0.44063348,0.114841506,1,0.3142501,0.032235224,0,-0.071706176,0.077298105,0,,,2,,,2,0.033862054,0.03352011,0,0.2460713,0.11785615,0,-0.11689698,0.13092674,1,-0.22823314,0.080317624,0,0.7306436,0.1035261,0,,,2,1.1003109,0.008526646,2.0407364,0.1955336,0.7615195,157.2103,156.83662,157.49808,,-151.88399,,-0.20535873,-0.83336496,0.38527268,0.22355558,,,,0.114070445,0.84015083,-17.876303,0.021669291,0.56376916,-38.414345,0.031707264,0.4855333,-9.181239,1.0599,12.174025,1.6411066,10.038,0.023,9.381,0.022,9.183,0.023,9.088,0.021,1.0040147,6.362472326838805,0.014006369,195.04924,3.9189723,5.560839,2.0757155,,0.018293614,0.026117682,0.086045556,0,b'HSC_2907',0.7490422650719698,-9.39206614,-20.94516148,6.35349033,12.174025,12.945781,11.304674,209.04117400419386,85.37615268363548,169.63758250504054,6846908.301714616,1.3062777243027834,4649.070578673221,4.227052476234507,-0.19592898243311194,1.0493938895170984
11,140713001901399,b'16153587-2529008',6048752530594697088,b'k2_hermes',6558,b'allstar',56851.44,243.8994598388672,-25.483583450317383,37,0,2,0,69.2468,112.721535,167.99995,160.10779,1.3577393,94,b'4750_4.00_-0.25',b'4750_4.00_-0.25',302.5024,False,-2.7851315,0.3856856,,,-4.1609883,2.078469,-20.400287628173828,4667.8413,67.08622,4.023673,0.107708484,-0.17387685,0.0590895,0,1.1709783,0.28281468,26.53879,1.4560847,1.3253645,0.03750282,0,0.026062941,0.056128696,32,,0.12744483,49,0.31094906,0.040510282,0,-0.17294264,0.012871161,0,0.12342497,0.01310446,0,-0.23180202,0.022319533,0,0.27917624,0.01831602,0,0.41089463,0.014082391,0,-0.04723666,0.021830095,0,-0.24032518,0.020403374,0,-0.11941862,0.015543196,0,0.006804496,0.02393284,0,-0.1546222,0.014901854,0,0.0051857308,0.016278641,0,-0.025746793,0.02767958,0,-0.03176833,0.013809972,0,-0.088175714,0.022728913,0,0.043321244,0.03638769,0,0.513888,0.15697618,0,-0.5979423,0.1279059,1,0.06497609,0.034605812,0,-0.33094344,0.07180336,0,,,2,0.5161484,0.32416633,1,0.24151576,0.034847792,0,0.7376305,0.090570286,0,-0.1004182,0.13523528,1,0.26016364,0.07898738,0,-0.38515344,0.12718341,1,,,2,1.0,,2.1216836,0.2588764,1.1104164,156.35237,155.8704,156.816,,,,-0.18685284,-0.8916071,0.36815152,0.04070601,,,,0.14827622,0.92450565,-11.017002,0.018778574,0.3096669,-20.08821,0.028258251,0.27882138,-15.5177965,1.2745,11.939505,1.7231302,9.646,0.024,8.961,0.024,8.744,0.019,8.599,0.02,1.7252814,6.392417927412851,0.022711007,89.786995,3.698366,4.3104496,1.3617884,,0.023732534,0.02654676,0.082550526,0,b'HSC_2907',0.8064363881843631,-11.31704771,-20.32997021,6.37324193,11.939505,12.758108,11.034978,196.03627003385853,78.43151947546265,167.40718052267584,6870003.389096315,1.2698957939763416,4520.524559476238,4.228280845014938,-0.1959285165706054,0.9945420047045394
12,140608003701322,b'16140380-2453088',6049581734162072832,b'k2_hermes',6558,b'allstar',56816.684,243.51583862304688,-24.885805130004883,5,0,3,0,12.291053,60.679527,113.41326,122.54148,1.5645791,94,b'3800_4.00_-0.75',b'3700_4.00_-0.75',145.17809,False,-3.583513,1.6118402,,,-10.489111,5.4518547,-5.914673805236816,3705.9717,67.09874,4.026638,0.08817543,-0.73658293,0.05778645,0,1.0863951,0.28370064,11.697826,1.443034,1.4820697,0.065656304,0,-0.3266763,0.088905506,32,-0.5407165,0.19344097,32,0.047648374,0.025250228,0,0.08303571,0.014966505,0,-0.020249046,0.012325733,0,0.18176588,0.031932846,0,0.5108618,0.019182736,0,0.39413133,0.014542511,0,0.28183728,0.011925289,0,-0.19974849,0.031442087,0,0.2040284,0.017775578,0,0.37072083,0.02112337,0,0.15410379,0.01866427,0,-0.025070451,0.046296973,0,0.38224545,0.050008085,0,-0.07716918,0.016623454,0,-0.17231452,0.039942086,0,-0.07118031,0.07835468,0,-0.36006844,0.0971279,0,-0.27555367,0.18854657,0,-0.36583224,0.054569524,0,0.42332396,0.08663385,0,,,2,-0.2391621,0.25582054,0,0.015473127,0.027594117,0,-0.16257285,0.17850147,0,-0.24110922,0.18842116,0,-0.6503655,0.15753712,0,0.034620106,0.1424969,0,,,2,0.5178943,0.004158563,2.5688946,0.2708097,0.22693752,155.2995,154.84036,155.86485,,-253.58351,,-0.9400839,-1.9267405,1.9471598,-0.48918235,0.011080498,0.12610567,-171.01918,0.107200466,1.1197273,-53.157345,,,,0.0060874713,0.10594448,-10.8078785,0.6578,13.623975,2.2277842,11.007,0.021,10.261,0.021,10.018,0.02,9.886,0.021,1.0953677,6.443300422448479,0.023066686,314.6669,1.2591792,1.4284306,1.2454506,,0.0049711005,0.0056152595,,2,b'HSC_2907',1.0,-10.90015935,-21.68935558,6.39502642,13.623975,14.783246,12.555462,178.0,93.49696808305505,136.7861367201435,6651056.3708807295,0.8236220273003462,3556.073869925642,4.137456832226328,-0.1959264414609443,0.33941409297686104
13,150109001001045,b'03470141+2329419',64979732749686016,b'k2_hermes',6594,b'allstar',57031.465,56.755916595458984,23.494972229003906,0,0,2,2048,53.431885,79.67171,107.9748,100.65644,0.8898912,94,b'5250_4.50_0.00',b'5250_4.50_0.00',151.01578,True,6.1175857,0.20113488,,,4.5173807,0.6626313,-22.766420364379883,5211.401,68.50934,4.5448456,0.09822564,-0.030316636,0.055991817,0,1.1990917,0.2834263,7.5998764,1.4611675,1.1568594,0.051082462,0,0.038498964,0.041289024,32,-0.2821764,0.07468483,32,-0.22123258,0.06611046,0,-0.15735376,0.017703475,0,0.09294944,0.018390741,0,-0.01567696,0.031456683,0,0.060129788,0.015880179,0,0.06332363,0.029395021,0,-0.037633833,0.025197895,0,-0.03407874,0.028582823,0,-0.051857024,0.01906142,0,0.07012242,0.021684915,0,0.04694925,0.014198993,0,0.008777522,0.021209681,0,-0.021643266,0.027081752,0,-0.03508959,0.010389371,0,-0.17013639,0.026975982,0,0.020633556,0.042440914,0,0.0123966215,0.23634762,0,,,2,0.01704768,0.04262593,0,0.32781997,0.15830451,0,,,2,,,2,0.12021842,0.03625477,0,-0.25009775,0.18652251,1,0.6190374,0.1978144,0,-0.30486274,0.1300734,0,0.32207817,0.19443542,0,,,2,0.835687,5.0283027,1.7920444,0.022950077,0.43422082,134.7331,134.37924,135.00717,,-143.88242,,0.08117276,0.089811586,0.80402243,0.9625932,,,,,,,0.005807483,0.11800952,-14.113516,0.015176232,0.13553047,-5.9786763,1.0382,11.273634,1.0054016,10.037,0.021,9.637,0.023,9.534,0.02,9.532,0.02,0.9098149,7.42409354418408,0.01865727,149.35045,1.2649299,1.9525237,2.3400564,,0.0062686387,0.009575135,0.07597127,0,b'Melotte_22',0.8969752941542556,19.07189278,-45.02343784,7.38652854,11.273634,11.696708,10.691306,167.81477541369662,58.64312117683328,212.45707365726966,89015425.3418731,0.7589536030120604,5061.515863599023,4.612659239360623,0.1490555656277831,0.860711026894209
14,150109001001186,b'03450326+2350219',65194584193758336,b'k2_hermes',6594,b'allstar',57031.465,56.26358413696289,23.839445114135742,4,0,2,0,47.62726,71.230064,107.96966,92.030556,0.9212932,94,b'5000_4.50_0.00',b'5000_4.50_-0.25',121.46004,False,11.793135,0.7601071,,,5.071148,1.1666653,-22.884498596191406,5022.6387,68.66231,4.586996,0.10420461,-0.08161198,0.055485174,0,1.1583159,0.28259954,6.6241827,1.4355179,0.37987223,0.042408176,0,-0.37085792,0.10911142,33,-0.82817113,0.1479823,33,-0.43195167,0.062144116,0,-0.14954372,0.021360025,0,0.0075225383,0.014213018,0,-0.041898802,0.026852788,0,0.037574574,0.016292004,0,-0.15898673,0.025788695,0,0.0021579266,0.016004033,0,-0.06866615,0.019097235,0,-0.04742767,0.014513702,0,0.07225694,0.02343654,0,-0.042132404,0.0114711765,0,-0.05644798,0.017359642,0,-0.0155852735,0.02824407,0,-0.06484098,0.011809008,0,-0.09576222,0.02797969,0,-0.17820826,0.04415235,0,-0.10904299,0.165148,0,0.25363892,0.1311648,0,0.13990533,0.039168116,0,-0.24618508,0.111554325,0,,,2,,,2,-0.010813694,0.03824704,0,-0.23479402,0.14930475,1,-0.093713544,0.20880918,1,-0.063049495,0.11548453,0,-0.011107711,0.17054047,0,,,2,0.78642213,4.3077846,1.9038671,0.0137700355,0.31994998,133.83212,133.50204,134.08604,,-178.20686,,0.066533126,0.101436496,0.77758974,0.90736055,0.017616648,0.10312027,6.220608,,,,0.00754047,0.14834975,-5.826481,0.008378834,0.103981346,0.5840702,1.8999,11.684071,1.1114388,10.261,0.02,9.835,0.023,9.73,0.018,9.74,0.02,1.0351657,7.473584406865284,0.016497875,80.11436,1.4497907,1.5197784,1.7273842,,0.010156261,0.010451103,0.07563231,0,b'Melotte_22',1.0,20.34332412,-45.77202908,7.43463441,11.684071,12.160024,11.048585,204.9480042185414,19.0842945023834,209.11337690555257,88525099.69084775,0.7232704296592519,4872.678533387341,4.63102529853257,0.1491187747250654,0.8154614633200369
15,160106001601095,b'03463767+2347159',65199978672758272,b'Melotte_22',-5,b'allstar',57393.438,56.65699005126953,23.78777313232422,0,0,2,0,81.369484,107.92373,133.41547,128.36467,1.0636169,94,b'5500_4.50_0.00',b'5500_4.50_0.00',138.05794,True,7.073203,0.263361,,,6.585022,0.4475127,-21.523548126220703,5433.619,68.83674,4.309689,0.09688425,9.024888e-05,0.05788818,0,1.1308428,0.28502068,15.705575,1.4432178,1.4801965,0.048671145,0,0.0324206,0.029914327,32,0.124729425,0.046423446,32,-0.10761052,0.05101317,0,-0.06377818,0.015998337,0,0.043081768,0.015880616,0,-0.22180542,0.030061895,0,0.052725147,0.014419154,0,-0.0064425394,0.028663928,0,-0.0034422055,0.02591069,0,-0.076945245,0.026655346,0,-0.069619596,0.017629562,0,0.008093424,0.025325803,0,0.047286965,0.00999261,0,0.009686969,0.017997598,0,-0.08623171,0.030618781,0,-0.045546558,0.010727776,0,-0.106265604,0.02319518,0,-0.061672024,0.03137727,0,,,2,,,2,0.06273004,0.038736716,0,-0.5671422,0.12975214,1,,,2,,,2,0.14556593,0.038481016,0,0.089100726,0.12902454,0,0.11579312,0.17667226,1,-0.22201332,0.10058518,0,,,2,,,2,1.1208726,1.0925004,1.6633902,0.0,1.1828206,133.21022,132.83105,133.54572,,,,0.08569857,0.17687832,0.8624353,1.1304173,,,,,,,,,,0.0106721055,0.22577746,-9.609462,3.1265,10.045166,0.90088654,8.925,0.019,8.583,0.017,8.527,0.016,8.51,0.021,1.1117623,7.5055892032229234,0.020728955,137.22316,1.9588084,1.5989382,2.5360897,,0.0105424905,0.00852713,0.06389474,0,b'Melotte_22',0.800666074599846,20.01127262,-47.26742343,7.4718632,10.045166,10.413593,9.512707,294.5752951225877,52.43806185316225,223.51231665575853,88460527.13584363,0.8899877708060248,5582.866602650395,4.54076922034265,0.14877432457806927,1.003119536845023
16,150109001001355,b'03463938+2401468',65223618172733952,b'k2_hermes',6594,b'allstar',57031.465,56.66408157348633,24.029693603515625,0,0,2,0,44.068123,70.49842,113.19545,92.36466,0.9323984,94,b'5000_4.50_-0.25',b'5000_4.50_0.00',134.90085,True,5.9373636,0.19954613,,,4.9527726,0.94593006,-22.740583419799805,4921.9326,68.23677,4.597766,0.09814141,-0.038197413,0.057676468,0,1.3893125,0.2822455,5.6809998,1.4284352,0.8594977,0.043318566,0,-0.12876126,0.050119318,32,-0.2814424,0.117174506,33,-0.51348823,0.09035388,0,-0.13720244,0.015799463,0,0.07652629,0.014232107,0,0.140872,0.03494249,0,-0.00091344677,0.020120043,0,0.0704806,0.019658454,0,0.105783224,0.014137939,0,-0.04110609,0.020631274,0,0.028844722,0.0151641,0,0.2589267,0.018112391,0,0.0870671,0.012559017,0,0.017332643,0.017839832,0,0.12947042,0.018161353,0,-0.085012384,0.010319754,0,0.02035141,0.027935276,0,0.052741777,0.043969776,0,-0.44606805,0.21774027,1,,,2,0.0024477504,0.044048946,0,0.1716523,0.16420534,0,,,2,,,2,0.12679794,0.038600136,0,-0.0805189,0.17995669,0,0.2058349,0.26654047,1,0.41707346,0.042658545,0,-0.22463664,0.16642873,1,,,2,0.7699954,4.234524,1.9667437,0.031212056,0.28181204,136.10878,135.73601,136.3667,,,,-0.023458593,-0.20520963,0.69865936,0.6270803,,,,0.024502613,0.45932385,-15.544112,0.0068713734,0.15198053,-11.001725,0.016406842,0.17516156,-8.309061,0.6808,11.957084,1.2012396,10.454,0.02,9.986,0.017,9.859,0.02,9.872,0.02,0.92620397,7.345979028351353,0.01424549,167.00938,1.2116584,1.3929807,2.0931833,,0.0056602615,0.006467076,0.07900705,0,b'Melotte_22',0.8227675142599989,20.2651073,-46.22769835,7.31683903,11.957084,12.480111,11.278872,193.12097473114306,21.628852103570363,207.40360476428413,88547787.40653095,0.7058622736158388,4772.037784992766,4.639760320014483,0.14914700470653702,0.7925430839519296
17,150109001001254,b'03440484+2416318',65289623229979136,b'k2_hermes',6594,b'allstar',57031.465,56.02016830444336,24.27549934387207,0,0,2,0,51.83016,85.1127,140.14233,118.16366,0.9620547,94,b'5250_4.50_0.00',b'5250_4.50_0.00',198.08379,True,5.7847776,0.22686024,,,5.52734,0.5050327,-22.913467407226562,5341.637,68.97798,4.478568,0.10119873,0.03722164,0.05660408,0,1.6314327,0.2835461,12.6119175,1.4173717,1.1503443,0.04000027,0,0.07278015,0.04129352,32,-0.45622844,0.17105608,33,0.20923103,0.05543786,0,-0.038181305,0.016943747,0,0.122723036,0.01357586,0,-0.06665678,0.02685241,0,0.08091818,0.014552511,0,0.052355178,0.02473015,0,-0.012662241,0.02254905,0,0.09436643,0.026475878,0,-0.05958512,0.016632818,0,0.012037136,0.025668966,0,0.045375634,0.014375746,0,0.008665137,0.023235291,0,0.21710984,0.028174803,0,-0.06729944,0.011361572,0,-0.20604938,0.025149027,0,-0.003605958,0.043433074,0,0.56755674,0.16888313,0,,,2,-0.09481667,0.046456832,0,0.3728761,0.16033153,0,,,2,,,2,0.025969215,0.029878844,0,-0.3392374,0.15625857,1,0.7231769,0.18112627,0,-0.65368545,0.12956071,1,0.22185491,0.17287123,0,,,2,0.8758498,6.8455815,1.7178047,0.0954724,0.585132,136.5505,136.15453,136.9391,,,,-0.03174502,-0.14737374,0.7172942,0.74103683,0.010008054,0.16013183,-99.504875,,,,0.009816303,0.13211913,-17.743542,0.06975232,1.3401922,-8.325742,0.7555,11.209136,1.0527544,9.943,0.027,9.494,0.035,9.386,0.02,9.31,0.02,0.9129053,7.321642900201922,0.020213522,189.98573,1.331973,1.6152653,2.693505,,0.006602621,0.007916794,0.07787389,0,b'Melotte_22',0.9488876031655441,20.13368088,-45.356377,7.2854239,11.209136,11.650412,10.597657,345.81170271070766,103.63120496771143,215.12979043482207,89008100.84470318,0.7870052202212151,5192.563881868704,4.597639593874431,0.14900512850904765,0.894119746829771
18,160106001601027,b'03490610+2346525',66503449709270400,b'Melotte_22',-5,b'allstar',57393.438,57.275455474853516,23.781272888183594,32,0,2,0,63.851276,86.46245,111.10968,102.09935,0.9553281,94,b'5250_4.50_-0.50',b'5250_4.50_-0.50',113.64172,True,7.160316,0.29651016,,,3.9354496,2.4035647,-21.317623138427734,5204.308,69.296196,4.263635,0.09832252,-0.35972774,0.060081143,0,0.85211015,0.28731573,25.851965,1.4512274,1.4287255,0.0528933,0,-0.24792539,0.048029985,33,-0.8777092,0.28921938,33,-0.43156198,0.0945927,1,-0.05450289,0.019599156,0,0.3542595,0.023035891,0,-0.038801268,0.05293382,0,0.2783069,0.015855586,0,0.21897784,0.03625869,0,0.13022287,0.021409007,0,0.18813713,0.039350953,0,0.07960087,0.032614626,0,-0.038896576,0.027176538,0,0.15200943,0.014151152,0,-0.1065472,0.024125196,0,0.03972099,0.044407662,0,0.11313692,0.017581576,0,0.06069526,0.031498194,0,0.2655058,0.0413464,0,,,2,,,2,0.30376413,0.04783665,0,0.5122557,0.21617311,0,,,2,,,2,0.6050479,0.03820782,0,-0.037289727,0.2260582,1,0.6647027,0.25712067,1,-0.10928409,0.14065309,0,,,2,,,2,1.1458817,0.008554543,1.7863519,0.08445588,1.1314913,137.34244,136.5471,138.10252,,-102.83968,,-0.16084899,-0.47476864,0.4635483,0.25543123,0.034784965,0.59242874,63.474186,0.044360727,0.61681944,-22.981075,0.011708799,0.49416944,-23.742125,,,,0.2111,10.430534,1.0322351,9.166,0.021,8.719,0.042,8.603,0.017,8.547,0.02,1.9297724,7.270672413839703,0.036134694,78.0839,5.3869305,8.627822,1.9087654,,0.03923786,0.0576739,0.07767122,0,b'Melotte_22',0.6700059275227982,20.35924498,-45.95963938,7.23649641,10.430534,10.861636,9.829401,245.73798969186092,26.503204305944735,218.4356536988063,89444720.97136801,0.8259601995907675,5354.0835509812205,4.576284890085364,0.148922729032775,0.9376491959831846
19,150109001001278,b'03442627+2435229',68303487680516224,b'k2_hermes',6594,b'allstar',57031.465,56.109500885009766,24.58969497680664,1,0,2,0,35.35625,60.13102,102.00747,90.31348,0.8086885,94,b'5000_4.50_0.00',b'5000_4.50_-0.25',200.45757,True,5.2953405,0.2983605,,,3.0461843,1.4955791,-22.852130889892578,5116.1177,70.29201,4.4603596,0.095033586,-0.06593708,0.059764016,0,1.6017218,0.28547385,19.747965,1.4491812,1.4325681,0.047969762,0,-0.4896617,0.1182698,33,-0.67290413,0.14166994,33,-0.42695707,0.09605475,1,0.007736683,0.027628979,0,0.039114334,0.016154323,0,-0.2066442,0.03294201,0,0.054646913,0.022517152,0,0.15837498,0.029153602,0,0.14546129,0.021371448,0,-0.13023877,0.029907055,0,-0.07736984,0.025613856,0,-0.05959961,0.035168365,0,-0.03171625,0.020332823,0,-0.028837077,0.024709826,0,-0.09239301,0.047056686,0,0.029727135,0.017911611,0,-0.19512981,0.033251073,0,0.014320072,0.059944317,0,-0.9221006,0.21615267,1,-0.42586386,0.2212952,1,0.0055096895,0.059415113,0,-0.18291606,0.17480452,0,,,2,,,2,0.50993466,0.04517186,0,-0.3667219,0.21360703,1,-0.53040624,0.3481961,1,-0.3329745,0.16301863,1,0.22093575,0.19715159,0,,,2,0.8952752,0.20892821,1.8471546,0.037637945,0.5248723,133.3921,132.99184,133.6876,,-144.70467,,-0.27222216,-1.0598018,0.41120636,0.38309896,,,,,,,0.0063743168,0.10482503,-2.099368,0.014303194,0.25424743,-8.797434,0.5484,11.282754,1.0796499,9.835,0.023,9.389,0.028,9.266,0.019,9.268,0.019,0.9851145,7.502152926463522,0.019542068,207.9716,4.060939,4.114204,2.5136147,,0.018641066,0.018473813,0.08218483,0,b'Melotte_22',0.9383652861489026,19.65581279,-46.04755846,7.46568593,11.282754,11.738189,10.658539,287.5425012955241,67.53346930696758,210.726011056163,88813743.2819023,0.7405742378772989,4968.1362315750175,4.6222456364019875,0.1490883772090935,0.8378590216005982
20,150109001001175,b'03415366+2327288',65131121756446592,b'k2_hermes',6594,b'allstar',57031.465,55.47358322143555,23.458026885986328,9,0,2,126976,12.168893,92.18478,202.93474,198.78325,3.9026816,92,b'3900_4.50_-0.75',b'3900_4.50_-0.75',155.10625,True,6.825873,0.16555479,225.82587,22.483896,,,-23.166261672973633,3885.514,66.3186,4.4059844,0.1041227,-0.7336736,0.054469693,0,1.1033303,0.28341636,10.423665,1.4226353,,0.03691165,16,-0.3610055,0.08628951,32,-0.49047875,0.10881197,32,0.12643042,0.017273054,0,-0.10277436,0.009141647,0,0.020528585,0.0071582887,0,0.17474592,0.020700894,0,0.4683748,0.0138536,0,0.23628673,0.008143451,0,0.08957679,0.011949999,0,-0.11689418,0.017934686,0,0.36518288,0.010703455,0,0.3110626,0.012003819,0,0.1388139,0.012101683,0,0.20266864,0.030190945,0,0.29966575,0.029463632,0,-0.16658223,0.00910572,0,0.50643724,0.020938026,0,0.08560975,0.03514063,0,0.8002977,0.0780203,0,-0.3302207,0.11139839,0,0.035811055,0.03614939,0,0.11732893,0.038626734,0,,,2,0.1645108,0.16641465,0,-0.23424822,0.01734096,0,-0.27802616,0.094052136,0,-0.23284698,0.14005364,0,-0.5543784,0.06340717,0,0.41995913,0.09457544,0,,,2,0.59597445,0.017267285,2.4827785,0.2138943,0.13174437,132.81372,132.2501,133.43181,220.44586,225.82587,230.40587,-1.1663837,-1.973842,1.731492,-0.43605107,0.020213755,0.10463129,-0.09182115,,,,,,,0.10497245,2.0170975,-30.467241,0.326,13.487999,1.8508358,11.138,0.02,10.489,0.021,10.298,0.016,10.176,0.021,1.8494896,7.530500842041185,0.029138157,11.039302,0.8777245,1.1020983,-0.6245297,,0.034047257,0.040718965,,2,b'Melotte_22',0.7936409116768972,21.75305458,-45.20610304,7.48613184,13.487999,14.278063,12.427227,356.89439931891087,142.11481463660468,191.42809341355184,91422906.14737593,0.4945780296368401,3755.5309369387737,4.758921454043981,0.1494126945084858,0.5114037131848667
21,181225002101151,b'04052565+1926316',50298125783225088,b'k2_hermes',6587,b'allstar',58477.47,61.356956481933594,19.442138671875,2,8,2,0,64.57906,120.23844,180.69221,,2.602075,94,b'4500_4.50_-0.50',b'4500_4.50_-0.50',144.26091,True,37.899845,0.17064632,,,37.686657,0.23289202,-15.234427452087402,4612.912,66.9447,4.7155704,0.10605261,-0.3307236,0.055260316,0,0.5439809,0.28227153,6.2881956,1.4602691,-0.020175284,0.031979833,0,0.16416515,0.01793757,32,,,34,,,2,0.14191812,0.0074679214,0,0.41950342,0.009088236,0,0.41579908,0.027093569,0,-0.010606148,0.014187739,0,,,2,0.45734832,0.007066355,0,0.2899113,0.01587754,0,0.45177144,0.008056488,0,0.7405842,0.011014955,0,0.26826456,0.007899868,0,-0.18024927,0.0105699655,0,0.13432123,0.021814197,0,-0.07255815,0.008154988,0,-0.0876157,0.016115723,0,0.14265199,0.025867093,0,,,2,0.07803549,0.102493115,0,0.7382574,0.026132748,0,0.50164646,0.057993114,0,,,2,,,2,-0.037093956,0.020979906,0,0.642801,0.087346494,0,0.20302501,0.104108244,0,-0.16721153,0.057020083,0,-0.57734,0.094705254,1,,,2,0.6427351,1.6114693,2.1550035,0.0,0.13837484,47.090073,47.03224,47.13976,,,,-0.11736244,-0.082487665,0.57975274,0.6583948,,,,,,,,,,,,,0.2504,10.836196,1.6597319,8.889,0.032,8.259,0.027,8.107,0.026,8.097,0.021,1.3560333,21.23581522533715,0.023146871,4.4886713,1.1299311,0.6669052,-0.1371592,,0.12768109,0.060846526,0.082040705,0,b'Melotte_25',0.603826281146624,122.02644919,-32.5851673,21.19826823,10.836196,11.628955,9.969223,345.18753074060913,112.80127664730666,227.21665723762038,208523836.04359314,0.6385969826754944,4462.955304419414,4.668979409626328,1.782151260849678e-05,0.6938032516861512
22,170829002901175,b'04325943+1549084',3312644885984344704,b'Melotte_25',-5,b'allstar',57994.777,68.24771118164062,15.81897258758545,0,0,2,0,151.80823,189.78055,225.2511,202.0862,1.6644471,94,b'5500_4.50_0.00',b'5500_4.50_0.00',153.18988,True,40.874615,0.20522857,,,40.729515,0.15227117,29.46428680419922,5443.3193,67.53561,4.4978004,0.09457449,0.113830104,0.055923395,0,0.97401935,0.28155383,5.955622,1.4204669,-0.04031165,0.03673912,0,-0.074709125,0.028883094,32,0.059286,0.037599284,32,-0.0605965,0.04104295,0,-0.05494184,0.0099862,0,0.042015783,0.0110202925,0,0.016739398,0.020235302,0,0.058477078,0.007881652,0,-0.038648054,0.020928282,0,-0.0016370416,0.01655913,0,-0.05658775,0.014101616,0,-0.037289366,0.010632977,0,0.036200926,0.014303889,0,0.020592207,0.0063748537,0,0.055001803,0.006879262,0,-0.0043432415,0.014879523,0,0.019841148,0.0068588518,0,-0.06282538,0.015390547,0,-0.17976817,0.015811024,0,,,2,,,2,0.18649325,0.016976656,0,-0.5148049,0.062953815,0,,,2,,,2,-0.018315062,0.025992393,0,0.22492513,0.06402599,0,-0.08241487,0.06853047,0,-0.24115123,0.047917757,0,,,2,,,2,0.9119549,5.002596,1.6619511,0.0,0.6285255,46.746777,46.702614,46.79295,,-189.12538,,0.09851861,0.19712839,0.86183196,1.1572767,,,,,,,,,,0.011412207,0.10709329,27.831144,0.4312,8.475605,0.9044514,7.323,0.019,7.017,0.02,6.941,0.026,6.925,0.021,0.96138,21.391576780873816,0.019992784,7.200329,0.6825953,0.76506925,1.0493867,,0.04459066,0.045232955,0.06689513,0,b'Melotte_25',1.0,100.37574322,-25.4736915,21.35731378,8.475605,8.842474,7.938023,229.2036054392386,20.069015692196153,243.3737771581662,208927006.89679465,0.7763385947021259,5294.073894971362,4.599343289993749,-0.0005517636206922244,0.8732783592489801
23,170829002901201,b'04325009+1600210',3312652513846244096,b'Melotte_25',-5,b'allstar',57994.777,68.20879364013672,16.00583267211914,0,0,2,0,123.32657,166.79446,218.20024,193.52878,2.0155878,94,b'5250_4.50_0.00',b'5250_4.50_0.00',153.58125,True,44.490227,0.19693582,,,,,29.474224090576172,5171.1807,66.94577,4.4383307,0.096204735,0.026194282,0.05516654,0,1.161443,0.28167295,8.1143,1.4401599,-0.22123407,0.04549658,0,-0.07817901,0.021129237,32,-0.22557199,0.0932805,32,-0.48214528,0.045822207,0,0.018638328,0.009773027,0,0.07782567,0.0097652245,0,-0.016724527,0.01831109,0,0.085212976,0.008912086,0,0.102020234,0.018342238,0,0.18822165,0.009905609,0,-0.10763533,0.018072916,0,-0.035215996,0.010489686,0,0.15638715,0.013187135,0,0.058975134,0.008114391,0,0.07864898,0.0068170256,0,0.020441554,0.015181791,0,-0.0070784185,0.0072601954,0,-0.1289674,0.015690122,0,-0.09938149,0.017654637,0,0.011718295,0.16031615,0,,,2,0.07559141,0.023971692,0,-0.2731162,0.052746907,0,,,2,,,2,0.022009939,0.022944883,0,0.035340607,0.079199165,0,-0.5976151,0.065550216,1,0.36669627,0.04899699,0,-0.27806512,0.06422795,0,,,2,0.9392361,0.67151916,1.8165928,0.0,0.6046412,45.50587,44.921024,46.028526,,114.49023,,0.09016196,0.16308855,0.8078079,0.9956226,0.030389136,0.23461148,-21.713737,0.01597144,0.13118698,52.95646,,,,0.017889412,0.13030797,33.518486,0.4268,8.728549,1.086051,7.285,0.021,6.859,0.016,6.77,0.016,6.73,0.023,16.327187,22.02091730074335,0.295252,2.7697103,0.77673054,0.8857222,0.3269512,,0.14431298,0.12197696,0.074525565,0,b'Melotte_25',0.7098696897894539,101.05427328,-29.52946183,21.9865143,8.728549,9.129763,8.043712,284.63990039190685,40.5778926071249,241.4886804912141,208156293.99853042,0.7594759096350256,5212.966344683064,4.608519052221131,-0.00045204333870417284,0.8538045557350482
24,151008004001047,b'04252501+1754552',3314063908819076352,b'k2_hermes',6584,b'allstar',57303.758,66.35429382324219,17.915332794189453,8,0,2,1024,56.39703,101.21819,148.85814,149.08481,2.0430043,94,b'4500_4.50_-0.50',b'4500_4.50_-0.50',135.66548,True,38.841324,0.1792649,242.34132,48.37682,38.723465,0.22173335,23.274003982543945,4451.2993,66.739334,4.648958,0.11713397,-0.41827816,0.053551443,0,0.80458313,0.28220275,6.520516,1.4623864,0.7130502,0.03393366,0,-0.27875212,0.06913591,32,-0.6414501,0.13566118,33,-0.34321764,0.029683517,0,-0.028529614,0.009170808,0,0.13271326,0.007631792,0,0.22946444,0.01855939,0,0.14243896,0.015593264,0,0.16310523,0.011662385,0,0.23853299,0.008131861,0,0.31607634,0.016375843,0,0.40767667,0.00876844,0,0.46126384,0.01179013,0,0.2844305,0.0070536137,0,-0.011098251,0.011526075,0,0.19549036,0.020473564,0,-0.07314967,0.008102029,0,0.003521666,0.018386163,0,0.17705074,0.027576191,0,0.30755678,0.140807,0,-0.31835693,0.10782939,0,0.44675592,0.028483437,0,0.3809909,0.05034814,0,,,2,,,2,-0.13285074,0.02520353,0,0.33229145,0.11685182,0,-0.39038888,0.13984998,1,0.33086467,0.06789013,0,0.49182105,0.10716413,0,,,2,0.6388537,3.0200214,2.2549713,0.0,0.13902251,46.55184,46.519123,46.58796,224.76132,242.34132,246.40132,-0.16997403,-0.17945744,0.58233577,0.6175621,0.072602555,1.0253702,0.21042868,,,,,,,0.01023203,0.10973949,27.250957,0.2762,10.60706,1.5973215,8.73,0.02,8.16,0.017,7.977,0.018,7.963,0.022,1.0993385,21.485075312057756,0.017244447,5.668182,0.99174964,1.0917958,-0.23213328,,0.08437911,0.07772479,0.07981682,0,b'Melotte_25',0.9552457194318369,109.61815254,-31.35331636,21.44733931,10.60706,11.361621,9.764299,339.1783986947895,104.4941124725849,223.19128463174604,210245916.14335984,0.6125601371756741,4305.614910753835,4.68362978289801,8.401043161804385e-05,0.6602587363161236
25,170117002101072,b'04343992+1512325',3309541170817293824,b'k2_hermes',6790,b'allstar',57770.438,68.66641998291016,15.209083557128906,9,0,2,1024,17.709665,67.04786,103.40539,117.47598,2.0720634,94,b'3700_4.50_-0.75',b'3700_4.50_-1.00',178.02782,True,42.488815,0.15869027,283.98883,89.86939,42.245457,2.5476227,-22.18964958190918,3705.736,66.642426,4.413515,0.09666135,-0.8556873,0.05584857,0,1.0489703,0.28508893,9.4147415,1.4274303,0.98329324,0.0640806,0,-0.06441363,0.07574713,32,-0.11509305,0.15957832,32,0.2481651,0.023850797,0,-0.1382222,0.012681025,0,0.11559049,0.010779189,0,-0.03242056,0.033452358,0,0.44169933,0.015286002,0,0.21282768,0.011101228,0,0.35292795,0.01227399,0,-0.015219821,0.02249481,0,0.39913186,0.011234487,0,0.25443363,0.020648757,0,0.0696857,0.014421473,0,-0.06353887,0.028177762,0,0.13053605,0.037925106,0,-0.08643874,0.011497994,0,0.18107043,0.025161363,0,0.06982191,0.05456289,0,-0.007065864,0.11118738,0,-0.06872843,0.19849426,0,-0.09820304,0.041274533,0,-0.0113634905,0.07192454,0,,,2,0.07058042,0.24509446,0,-0.18391496,0.027373482,0,-0.052505318,0.16737479,0,0.12067182,0.17589001,0,-0.16731596,0.10350102,0,0.06643015,0.17724672,0,,,2,0.4967615,0.018528972,2.5174592,0.0,0.08929463,47.413765,47.25131,47.55699,256.8288,283.98883,293.78882,-0.6085032,-1.6020395,2.805022,0.40346926,0.27678207,1.9967917,-11.332195,,,,,,,,,,0.4749,11.549942,2.0912971,9.042,0.03,8.41,0.021,8.235,0.021,8.046,0.02,3.344131,21.097567151473623,0.06817406,16.2316,2.0421765,1.3750182,-0.65800625,,0.05548637,0.033623014,,2,b'Melotte_25',0.589879764124077,103.15688773,-35.85557175,21.07507415,11.549942,12.57892,10.487623,278.2631919567325,76.2062618897228,209.97854655055187,209567835.0649153,0.451199297397727,3789.7835824792687,4.824661268376171,0.0005662657586587502,0.49546255106868997
26,170130001601354,b'04510241+1458167',3404798597640071296,b'k2_hermes',6785,b'allstar',57783.434,72.76012420654297,14.971305847167969,8,0,2,0,19.809256,72.73999,124.611755,116.93308,4.293644,94,b'3500_4.50_0.00',b'3600_4.50_0.00',179.79672,True,42.2111,0.18004699,283.7111,37.41507,46.04547,2.0515406,-25.101818084716797,3554.8745,66.12832,4.3900747,0.11189428,0.0011547953,0.05360673,0,0.9852515,0.28057072,18.766352,1.4424615,0.8288334,0.06058108,0,-0.0093041845,0.029798605,32,-0.123870656,0.0458599,32,0.007849355,0.017667217,0,0.22497252,0.013624352,0,0.009169199,0.0070401,0,-0.06917752,0.021968896,0,0.0004846193,0.01812371,0,-0.21956944,0.009503002,0,0.038048707,0.012680941,0,0.005281662,0.020176183,0,0.016388718,0.009269408,0,0.1519428,0.015090338,0,0.28059348,0.012863637,0,-0.13633668,0.021003462,0,0.37454477,0.021612192,0,-0.040977903,0.0100924205,0,0.21973063,0.03481834,0,0.21651427,0.036440127,0,0.058584396,0.047404762,0,-0.041717608,0.059848595,0,0.23675826,0.03350678,0,0.23955685,0.021349676,0,,,2,-0.059519775,0.10290204,0,-0.2681983,0.020298684,0,0.1156774,0.10941186,0,0.04455398,0.072145104,0,-0.16306785,0.051823135,0,0.26255316,0.059529852,0,,,2,0.61244124,0.02165752,2.666979,0.0,0.098396905,47.12882,46.370644,47.958046,272.0111,283.7111,287.8111,-0.15060663,-0.25732982,0.8792532,1.0655469,0.05566074,0.27954713,-49.143448,,,,0.018338444,0.19553097,36.94046,0.18785645,2.226061,41.898003,0.4549,10.98731,1.871623,8.796,0.027,8.145,0.026,7.967,0.02,7.871,0.019,20.36813,21.125667547301884,0.39078805,,,,,,,,,,b'Melotte_25',0.6208033546301684,91.67669179,-24.42309166,21.09312455,10.98731,11.908264,10.036641,345.18753074060913,113.24295025362072,208.1851493295878,210619876.1788223,0.4081933673166635,3703.3041265093175,4.870270271638712,0.0006854780103287705,0.4506277702388871
27,150413005601075,b'16130271-2257446',6242578696645925504,b'k2_hermes',6559,b'allstar',57125.797,243.26133728027344,-22.962360382080078,33,0,2,0,48.818985,77.60699,104.09793,105.47866,1.2843097,94,b'4750_4.00_-0.25',b'4750_4.00_0.00',137.25354,True,-7.113338,0.30860743,,,-9.976442,3.0501387,20.102264404296875,4706.9824,68.27067,4.094139,0.10517398,0.010959141,0.06385441,0,1.1892197,0.28407678,27.974833,1.4344683,0.8190963,0.043856967,0,-0.15351464,0.07373646,32,-0.6633591,0.14512886,33,-0.38481575,0.10656017,0,-0.096888006,0.016873362,0,0.208936,0.012847308,0,-0.07613897,0.030117506,0,0.12637709,0.024660846,0,0.13621989,0.019226367,0,0.080316536,0.01856347,0,-0.15642983,0.022752034,0,0.04248177,0.020831127,0,0.1005105,0.024950778,0,-0.026032945,0.020025156,0,-0.011208281,0.020082489,0,0.023152523,0.022231827,0,-0.0028685052,0.012024585,0,0.13831115,0.028031053,0,0.06990345,0.051441643,0,0.032935433,0.18513672,0,0.15516894,0.18222888,0,0.22748718,0.043218214,0,0.03713397,0.10277767,0,,,2,-0.19124319,0.29237026,1,0.1298643,0.049567726,0,0.17768323,0.134903,0,0.364072,0.19709674,0,-0.047623947,0.10812812,0,0.13272585,0.15976629,0,,,2,1.182483,0.00376672,2.100542,0.23959802,1.154305,139.4277,138.76993,139.98735,,,,-0.25974897,-1.4024566,0.2605772,-0.5175706,0.036295578,0.14512262,27.436481,0.10346728,0.8836083,-25.883307,0.013548755,0.16234621,-7.5766025,0.011972998,0.1320629,-20.639229,0.4526,11.309757,1.585082,9.322,0.023,8.651,0.047,8.455,0.027,8.31,0.021,1.3427112,7.1715893695301665,0.028428363,-66.186325,10.965183,11.311057,,0.7002621,,,,1,b'OCSN_96',0.9302780759406016,-8.9892483,-25.23579506,7.14439037,11.309757,12.045057,10.459975,261.38766530891354,94.11107213581742,168.3252230328708,6752396.174873733,1.3392531133098031,4557.23222555968,4.214435598653794,-0.07143916031467921,1.0713027271027546
28,150429003601252,b'16102625-2209105',6242866669913342208,b'k2_hermes',6559,b'allstar',57141.66,242.609375,-22.152944564819336,53,0,2,12288,22.335823,56.353703,104.07708,128.58797,3.064446,93,b'4750_4.00_-0.25',b'4500_4.50_-0.50',349.70096,False,1.7220128,6.317559,,,,,13.325742721557617,4623.6636,68.31079,4.27281,0.104454674,-0.35279837,0.062113903,0,1.2024095,0.28593686,25.475481,1.4279459,1.1880585,0.070666865,0,0.16993937,0.07440743,32,,0.19268991,49,-0.18894994,0.07097968,0,0.10802308,0.024310779,0,0.67712224,0.013652245,0,0.24996957,0.03591531,0,0.6846894,0.017499795,0,0.6853342,0.01744278,0,0.50218153,0.025679694,0,0.07764131,0.031524137,0,0.4065682,0.019076996,0,0.14182371,0.037322935,0,-0.10282785,0.029847432,0,-0.28809527,0.043897428,0,-0.20409912,0.062169213,1,-0.042687297,0.02015526,0,-0.16857624,0.040133875,0,0.39641982,0.095385924,0,0.633106,0.12684971,0,0.24317016,0.19738846,0,-0.19362126,0.07908296,0,0.5375271,0.16984582,0,,,2,-0.19723415,0.22348405,1,0.19991302,0.054879077,0,-0.16226697,0.27820942,1,0.078739144,0.39033985,1,1.1121814,0.061146684,0,0.0365968,0.19375075,1,,,2,1.0,,2.1474257,0.172764,0.6023235,137.60913,135.77736,139.54749,,-248.27798,,-5.458015,-9.442759,-3.5922308,-8.508309,0.32248175,0.49474227,-41.21733,0.5647837,2.4527028,-160.74454,,,,,,,0.4799,13.213239,2.8581753,10.076,0.026,9.329,0.023,9.019,0.024,8.696,0.022,6.508133,7.282355962959902,0.090101846,215.60541,2.429853,2.4344258,1.934404,,0.011356819,0.011453696,0.08775913,0,b'OCSN_96',1.0,-9.88066667,-24.34689129,7.22488796,13.213239,14.825623,11.967447,157.78781658612925,49.613546389922185,166.3798908402375,6691662.5569833815,1.3181716564517756,4473.8540992455255,4.212173869378795,-0.07143881800828099,1.0323961647321478
29,140610004401001,b'16033550-2245560',6243154501445899264,b'k2_hermes',6563,b'allstar',56818.58,240.89791870117188,-22.765583038330078,36,0,2,2048,132.02612,192.5307,282.9085,266.23367,2.3433049,94,b'5000_4.00_-0.25',b'5000_4.00_0.00',229.99884,False,-5.5087557,0.87386054,,,-8.859552,1.3542464,-8.03643798828125,5013.9785,67.62314,4.159223,0.10014581,-0.015250355,0.058764745,0,0.83077633,0.28188607,26.397789,1.4238427,1.7562189,0.022265447,0,0.030060986,0.03700397,32,0.021168835,0.041071057,32,-0.1839681,0.052479368,0,-0.27064267,0.010898198,0,0.0941455,0.010966832,0,-0.21131447,0.01700356,0,-0.11657412,0.011103567,0,0.22761151,0.017644765,0,-0.019759584,0.018706337,0,-0.002465283,0.018029425,0,0.013600647,0.013950756,0,0.20330817,0.017061757,0,0.092695616,0.0080884285,0,0.05093337,0.009400386,0,0.19164851,0.020393219,0,-0.037786335,0.008984223,0,-0.2994156,0.016135512,0,0.3612898,0.018810356,0,0.48704138,0.18660182,0,,,2,0.25296602,0.027236778,0,0.19418724,0.042711508,0,,,2,,,2,0.30537227,0.02480474,0,1.0492817,0.05278032,0,0.73512083,0.022867566,0,0.44124302,0.040374763,0,-0.9001019,0.0946608,1,,,2,1.3469125,0.0052101053,1.9084582,0.145044,1.4572726,143.36832,143.09502,143.74687,,-255.50876,,-0.09525655,-0.36426568,0.58700407,0.40665728,0.031924747,0.19833282,-27.58282,0.1250168,1.5715072,8.329052,0.012763423,0.2641702,-18.723648,0.017577637,0.2499297,-25.133701,0.4413,10.619332,1.2617731,9.03,0.023,8.5,0.034,8.36,0.025,8.262,0.021,1.0680451,6.970250467632584,0.0156031065,-26.280859,3.168411,3.2473607,,0.5174334,,,,1,b'OCSN_96',0.9062958417625328,-11.84084973,-23.84258843,6.93491647,10.619332,11.170055,9.908282,105.00431484860934,50.06283791061369,173.15984323724217,6588168.389986557,1.4522661193754185,4864.509260467943,4.199930475276504,-0.07144018564925794,1.2181726544442344
30,140609002101390,b'16012563-2240403',6243197588558179968,b'k2_hermes',6563,b'allstar',56817.47,240.35682678222656,-22.677860260009766,1,0,2,0,63.586426,92.51763,139.43463,127.45351,1.3638347,94,b'4500_4.00_-0.25',b'4750_4.00_0.00',139.98906,True,-5.5223455,0.2086402,,,-8.625209,0.60354376,-7.50837516784668,4651.5,67.23196,4.091528,0.111038625,-0.050636366,0.053689554,0,1.6943061,0.2813263,12.526367,1.4146317,0.9221229,0.042198822,0,0.16052164,0.041958835,32,-0.22291341,0.05842022,32,0.110086516,0.046201754,0,-0.05191298,0.011934669,0,0.08601462,0.012413233,0,0.038794294,0.02392242,0,0.30483264,0.015326156,0,0.24489391,0.015983645,0,0.043527827,0.01831358,0,-0.26804668,0.018215716,0,0.014281709,0.012487699,0,0.12587719,0.0166977,0,-0.08163301,0.009160374,0,-0.04439942,0.014003814,0,0.1093825,0.020343846,0,-0.09400901,0.010293616,0,-0.0651966,0.02306219,0,-0.3239916,0.03132206,0,0.23766306,0.14778166,0,0.35190713,0.1268256,0,0.07807655,0.029099962,0,-0.13340715,0.065329,0,,,2,-0.0979038,0.24417628,0,0.24749026,0.024492031,0,-0.33192906,0.092076175,0,-0.20448804,0.12250359,0,-0.08063467,0.05532399,0,-0.2905548,0.08934695,0,-0.25137138,0.18404411,0,1.1028713,0.0036743812,2.1350489,0.1964523,1.0329124,141.04283,140.56236,141.5984,,-215.52234,,-0.27302533,-1.1889765,0.3391728,-0.11336416,0.0124535095,0.13835236,-8.61522,0.06033807,0.53383493,-48.393917,0.018674092,0.5510121,-28.325935,0.017314384,0.1553752,-19.77207,0.5609,11.232408,1.4744568,9.324,0.023,8.706,0.029,8.523,0.021,8.412,0.019,1.5416204,7.087496067945962,0.023693904,338.68143,1.7325943,1.4325671,2.6420434,,0.010904575,0.008974221,0.093477495,0,b'OCSN_96',0.9410038218281572,-12.0118849,-23.58815567,7.05910507,11.232408,11.90022,10.425763,253.0281439987973,89.946137711811,167.07310796237812,6694628.749497441,1.326223539603682,4502.42327430685,4.212638606533578,-0.07143889995716467,1.0462604788824468
31,140608003101141,b'15575396-2317416',6237148384817472256,b'k2_hermes',6563,b'allstar',56816.58,239.47483825683594,-23.294889450073242,0,0,2,0,23.665665,91.96988,119.98689,130.00267,2.2871299,94,b'4000_4.00_0.00',b'4000_4.00_0.00',101.39049,True,-6.101868,0.15923057,,,-7.399387,1.1699568,-7.653735160827637,4014.391,66.52043,4.1820545,0.0947212,0.004103467,0.053853534,0,0.8844862,0.28147474,9.583689,1.423022,1.5444534,0.05887643,0,-0.35314313,0.047721986,32,-1.0731533,0.081509076,33,0.02533133,0.0148154255,0,-0.10738018,0.01253997,0,0.06517472,0.009006334,0,-0.35391575,0.020715082,0,0.6786382,0.011591521,0,0.11548786,0.011587551,0,-0.095735446,0.013358626,0,-0.18108238,0.017695164,0,0.066066995,0.009765541,0,0.13818829,0.01972241,0,-0.011405296,0.010365775,0,-0.07624741,0.02218297,0,0.053259343,0.026494816,0,-0.19929105,0.0110793095,0,0.2911232,0.032498702,0,-0.33684015,0.047732186,0,0.09693083,0.12261147,0,-0.0027471099,0.07752207,0,-0.25676233,0.0335652,0,0.15423682,0.0323913,0,-0.121519126,0.09170334,0,0.5284417,0.1422148,0,-0.08233854,0.021845762,0,0.30121547,0.09400345,0,-0.20027202,0.0834265,0,-0.36180475,0.057437673,0,0.5192707,0.0736778,0,-0.48994616,0.07300759,0,0.73895395,0.0067178877,2.544042,0.21389396,0.31169966,142.00305,141.7072,142.34476,,-216.10187,,-0.23043588,-0.44903114,0.43302032,0.1566742,,,,0.014680788,0.20876451,-203.00937,0.015161622,0.13860531,-17.961933,,,,0.3624,12.727002,1.9534063,10.382,0.022,9.665,0.022,9.447,0.023,9.352,0.02,1.2526728,7.039283496758582,0.017614568,355.77148,0.8666826,0.7601397,1.8885111,,0.0053385766,0.0047033746,,2,b'OCSN_96',0.6942705251368632,-13.68229625,-24.44392905,7.0240615,12.727002,13.701251,11.747845,253.30628700692776,112.82514021325751,148.56737765143737,6577367.42538056,1.0861490341942,3864.422428450797,4.166190646076182,-0.0714372437558003,0.6301220589475625
32,140608003101024,b'16020757-2257467',6243130106031671168,b'k2_hermes',6563,b'allstar',56816.58,240.53158569335938,-22.963027954101562,5,0,2,3072,11.433317,57.56343,107.234344,127.27228,2.0921826,94,b'3600_4.00_-0.50',b'3500_4.00_-0.50',109.20978,False,-6.4702992,2.928165,,,,,-7.2110185623168945,3530.8604,66.36961,4.0034986,0.10053121,-0.48217207,0.058424868,0,1.1421717,0.28146935,16.00912,1.4154944,0.53950894,0.04624182,0,0.035395946,0.045338422,32,-0.3534974,0.076384254,32,0.061983388,0.020199995,0,-0.068443805,0.01341417,0,0.12511975,0.010259619,0,-0.09520463,0.02220129,0,0.12906262,0.024422001,0,-0.035541873,0.010723771,0,0.17750388,0.010291794,0,-0.11143576,0.020575672,0,0.2565179,0.014441447,0,-0.03719388,0.02287089,0,-0.037687168,0.015856192,0,-0.1867027,0.036867395,0,0.108548835,0.036789075,0,-0.21028495,0.014101479,0,0.21113329,0.03009874,0,0.0018483736,0.05750039,0,0.069104224,0.080039725,0,-0.11590468,0.11606306,0,0.014449605,0.039619587,0,-0.09206639,0.08807076,0,-0.089858085,0.113993555,0,-0.10803453,0.16940068,0,-0.098657206,0.029229306,0,0.061197598,0.12970254,0,-0.0061579943,0.12557444,0,-0.14838092,0.0775015,0,0.0039589447,0.09671982,0,,,2,0.4711581,0.004488904,2.6441135,0.163908,0.17942588,139.63156,139.235,140.05324,,,,-1.3426849,-2.4930506,3.6171649,0.71154046,0.024577327,0.25153312,-62.44311,,,,,,,0.0047829067,0.106635824,-24.162092,0.4553,13.682416,2.4865265,10.893,0.022,10.181,0.025,9.86,0.023,8.697,0.02,1.2296939,7.159799493587247,0.019823104,309.621,2.0851338,1.7395518,1.088726,,0.0087112095,0.0072229607,,10,b'OCSN_96',0.8958128937942529,-12.09950578,-25.02874672,7.10835549,13.682416,15.025977,12.539451,262.8887456925524,130.54138593832994,121.58979663251432,6640872.023650863,0.7578127674021657,3381.022169093082,4.104494136691564,-0.0714369746325881,0.26587213740508453
33,210421006401233,b'16024009-2239133',6243171440797135232,b'kerr',-9,b'allstar',59325.633,240.42965698242188,-22.61000633239746,2064,0,2,1175552,5.6374927,41.22481,112.08638,186.2731,4.793731,94,b'3200_4.50_0.50',b'3200_4.50_0.50',107.40961,True,-6.3415937,0.38690558,,,,,15.947029113769531,3198.8157,66.08465,4.4947085,0.106704675,0.4537868,0.05303635,0,1.0902145,0.28004414,18.277006,1.4011474,,,2,-0.013207892,0.007757944,32,-0.08449141,0.03154533,32,-0.0041058976,0.0043108896,0,0.022357747,0.016299795,0,0.0937387,0.008846245,0,-0.11575351,0.01908664,0,0.08642705,0.010304768,0,-0.0048324317,0.009246831,0,0.15809748,0.01431686,0,,,2,0.03885072,0.0065154224,0,,,2,,,2,,,2,,,2,,,2,,,2,,,2,,,2,,,2,,,2,0.13056237,0.011420487,0,,,2,,,2,,,2,,,2,,,2,,,2,,,2,,,2,0.47220048,0.041525055,2.8072035,0.191124,0.039090328,139.84616,138.82156,140.81407,,-216.3416,,-0.38802978,-0.9228358,0.9495013,1.1969568,0.10001398,1.0512681,-85.34513,,,,0.004573136,0.11123604,-7.7726994,0.010657194,0.17711143,32.455486,0.4565854,15.752327,3.416811,12.313,0.022,11.648,0.024,11.382,0.025,10.968,0.021,1.1363211,7.149938318221526,0.05690376,,,,,,,,,,b'OCSN_96',0.8896316037020099,-11.08244074,-23.81405321,7.08324832,15.752327,17.830963,14.414152,211.2458626416851,139.05660106824598,94.68990426320406,6518076.2981317835,0.4857945277951697,3064.0051058049803,4.072667620985973,-0.07143697455457679,0.10142260684547309
34,220706001901266,b'16383616-3937478',5969375487700182656,b'other',-1,b'allstar',59766.684,249.65061950683594,-39.630043029785156,1,0,2,0,43.023243,67.924286,109.19733,93.34889,0.9252876,94,b'4750_4.00_-0.25',b'4750_4.00_-0.25',167.135,True,1.9602476,0.22963044,,,-0.60343146,2.457285,-14.509952545166016,4767.4146,68.59155,4.219246,0.09903065,-0.13955599,0.056492716,0,1.5556335,0.28333205,13.234215,1.4152775,1.229852,0.050115224,0,-0.24937488,0.04067837,32,-0.5085074,0.19501704,32,-0.7926528,0.048279922,0,-0.061051138,0.0189354,0,-0.033103984,0.020674774,0,0.1412715,0.032484364,0,0.21679881,0.025051525,0,0.25395828,0.019607348,0,0.08903083,0.017137375,0,-0.12808307,0.026545798,0,0.069204405,0.020243041,0,-0.0020870864,0.028318347,0,-0.07532124,0.0185194,0,0.13664222,0.023044715,0,0.108590215,0.034288783,0,-0.04499876,0.01608528,0,-0.11330134,0.030522183,0,0.53348464,0.053571563,0,-0.23849523,0.20045643,0,-0.6079483,0.2261478,1,0.3081219,0.04523947,0,-0.12702528,0.124447994,0,,,2,-0.22477067,0.3743241,1,0.32780486,0.040579833,0,-0.80906904,0.192962,1,-0.50509787,0.2716067,1,-0.17219456,0.13317965,0,0.1817426,0.19463354,0,,,2,1.1242334,0.0063104555,2.0592153,0.15606031,0.86583865,173.36023,172.8075,173.99487,,-148.03975,,-0.14017133,-0.9068173,0.46876603,0.25863743,,,,0.06749248,0.63496345,-16.7169,0.025481448,0.48098892,9.352305,0.02161123,0.1781872,-12.270213,1.1485,11.518403,1.323309,9.932,0.026,9.331,0.021,9.198,0.025,9.081,0.02,1.1285089,5.763536937413828,0.021716572,290.75015,1.5766704,1.7745225,2.507422,,0.007975741,0.00885134,0.08851583,0,b'UPK_640',0.6777542176146797,-11.26923213,-21.01608467,5.73482494,11.518403,12.09438,10.771071,165.66133289594103,26.319698708375824,181.69311256151678,19028430.31771339,1.0073842733427085,4617.620532279978,4.39458368090501,-0.009209218935279997,0.9178606034544932
35,220706001901188,b'16373022-3940156',6017410053991075584,b'other',-1,b'allstar',59766.684,249.37583923339844,-39.67108154296875,0,0,2,0,41.3134,69.23766,102.710945,93.95534,1.0702723,94,b'4500_4.50_-0.25',b'4750_4.50_0.00',156.478,True,1.8633516,0.28283492,,,-3.2598588,3.7116036,-14.59407901763916,4681.3857,67.27253,4.3065705,0.10004767,-0.010969743,0.05541001,0,1.6222435,0.28280205,19.659184,1.4219515,0.7323135,0.048502572,0,0.06951945,0.05425017,32,-0.20990315,0.10209168,32,-0.14989477,0.0414037,0,-0.17557539,0.014135961,0,0.12824497,0.014482348,0,-0.17041323,0.025204405,0,0.13628192,0.014660291,0,-0.05016158,0.019288013,0,0.054376192,0.018865889,0,-0.071450055,0.020777825,0,0.04345693,0.014988173,0,0.14671305,0.018319564,0,-0.0269727,0.0148254745,0,-0.080708556,0.017550448,0,0.08365802,0.025383024,0,-0.056363028,0.011034361,0,0.16766217,0.024109595,0,0.06594287,0.043522965,0,-0.01415166,0.13081372,0,-0.043691564,0.12578256,0,0.07623391,0.03765976,0,-0.007036733,0.097424656,0,,,2,0.027164215,0.18944025,0,-0.037847847,0.03095305,0,0.020891078,0.132763,0,-0.024154969,0.20646644,0,-0.17882712,0.100865036,0,0.006667956,0.13668558,0,,,2,1.0393788,0.009577945,2.1180212,0.106487684,0.60868955,173.2625,172.90186,173.72137,,,,-0.119799405,-0.54687566,0.53458273,0.13890183,0.015350169,0.13552065,-2.9071586,0.054433748,0.57728845,-41.07471,0.02287114,0.31833667,-26.684368,0.035170488,0.27433553,-9.754134,1.1408,12.036163,1.4262018,10.21,0.024,9.61,0.024,9.471,0.021,9.414,0.024,1.0193609,5.77006469997583,0.016420854,343.7183,2.9358077,4.028718,2.692925,,0.017634649,0.023955869,0.09160228,0,b'UPK_640',0.7131797524880734,-12.79839887,-21.63350822,5.7527587,12.036163,12.681276,11.255074,295.81626795278555,99.23770905936657,180.9443581403891,18959494.367746174,0.9973753164102124,4536.916101663208,4.396118128083932,-0.00920803041284865,0.9028855561204588
36,210421008001176,b'16350868-3932421',6017451972872992000,b'kerr',-9,b'allstar',59325.793,248.51266479492188,-39.5127067565918,1,0,2,1175552,17.361774,116.356926,303.15933,292.9386,4.59945,94,b'3700_4.00_-0.50',b'3700_4.00_-0.50',104.63517,True,2.515301,0.17625563,,,,,18.786640167236328,3717.2727,66.21353,4.102367,0.10512594,-0.3748139,0.053679876,0,1.0709687,0.28075346,12.457436,1.4081339,1.2712063,0.028899675,0,-0.045823954,0.03319731,32,-0.5801157,0.05782259,32,0.06910688,0.012304924,0,0.034423396,0.0093330415,0,0.0434028,0.007670934,0,0.06861612,0.010944358,0,0.363164,0.011325521,0,0.08348425,0.0074231843,0,0.0904892,0.011788851,0,0.08675809,0.011198178,0,0.22678818,0.006944542,0,0.21675548,0.011102097,0,0.008833999,0.0061535966,0,0.031796895,0.016663898,0,-0.011285335,0.015290789,0,0.032041352,0.004711629,0,0.017809674,0.019313363,0,-0.0050313137,0.035114504,0,0.037703153,0.05081074,0,-0.13924338,0.06738887,0,-0.1382903,0.019927278,0,0.1226487,0.020141693,0,-0.102927506,0.07502979,0,0.1262587,0.10309114,0,-0.10717323,0.012525058,0,0.35950533,0.05355946,0,-0.34447235,0.050346285,0,-0.41882223,0.04257963,0,0.36097878,0.067034885,0,,,2,0.59994143,0.0055625616,2.6078947,0.1799283,0.2235293,174.60657,173.99368,175.16994,,-47.4847,,-0.48473886,-1.56715,3.8227828,0.9125863,,,,,,,0.011840991,0.102003716,-7.0855684,0.012276027,0.111977175,-14.525864,1.604594,13.404335,1.9848499,11.044,0.024,10.331,0.024,10.159,0.026,10.055,0.021,1.0890411,5.728624433346402,0.01753806,341.2384,0.55037934,0.5097724,1.4302468,,0.0025830155,0.0023887274,,2,b'UPK_640',0.8633021240946503,-12.21009785,-21.36462257,5.68389643,13.404335,14.39642,12.41157,280.64548991389063,111.28050880811439,159.24274655212764,18909489.439128026,0.6444233751679267,3568.917225742377,4.423810252645524,-0.00919256167414878,0.4017805049576667
